report_date,metric,value,unit,source
2026-06-26,bottom_up_target_price,8918.27,pts,https://advantage.factset.com/hubfs/Website/Resources%20Section/Research%20Desk/Earnings%20Insight/EarningsInsight_062626.pdf
2026-06-26,cy2026_earnings_growth,24.0,%,https://advantage.factset.com/hubfs/Website/Resources%20Section/Research%20Desk/Earnings%20Insight/EarningsInsight_062626.pdf
2026-06-26,cy2026_revenue_growth,11.2,%,https://advantage.factset.com/hubfs/Website/Resources%20Section/Research%20Desk/Earnings%20Insight/EarningsInsight_062626.pdf
2026-06-26,cy2027_earnings_growth,16.8,%,https://advantage.factset.com/hubfs/Website/Resources%20Section/Research%20Desk/Earnings%20Insight/EarningsInsight_062626.pdf
2026-06-26,cy2027_revenue_growth,7.7,%,https://advantage.factset.com/hubfs/Website/Resources%20Section/Research%20Desk/Earnings%20Insight/EarningsInsight_062626.pdf
2026-06-26,fwd_pe,20.1,x,https://advantage.factset.com/hubfs/Website/Resources%20Section/Research%20Desk/Earnings%20Insight/EarningsInsight_062626.pdf
2026-06-26,fwd_pe_10y_avg,19.0,x,https://advantage.factset.com/hubfs/Website/Resources%20Section/Research%20Desk/Earnings%20Insight/EarningsInsight_062626.pdf
2026-06-26,fwd_pe_5y_avg,19.9,x,https://advantage.factset.com/hubfs/Website/Resources%20Section/Research%20Desk/Earnings%20Insight/EarningsInsight_062626.pdf
2026-06-26,index_close,7357.49,pts,https://advantage.factset.com/hubfs/Website/Resources%20Section/Research%20Desk/Earnings%20Insight/EarningsInsight_062626.pdf
2026-06-26,q2_2026_earnings_growth,23.1,%,https://advantage.factset.com/hubfs/Website/Resources%20Section/Research%20Desk/Earnings%20Insight/EarningsInsight_062626.pdf
2026-06-26,q2_2026_guidance_negative,48,n,https://advantage.factset.com/hubfs/Website/Resources%20Section/Research%20Desk/Earnings%20Insight/EarningsInsight_062626.pdf
2026-06-26,q2_2026_guidance_positive,63,n,https://advantage.factset.com/hubfs/Website/Resources%20Section/Research%20Desk/Earnings%20Insight/EarningsInsight_062626.pdf
2026-06-26,target_vs_close,21.2,%,https://advantage.factset.com/hubfs/Website/Resources%20Section/Research%20Desk/Earnings%20Insight/EarningsInsight_062626.pdf
2026-07-02,bottom_up_target_price,8947.08,pts,https://advantage.factset.com/hubfs/Website/Resources%20Section/Research%20Desk/Earnings%20Insight/EarningsInsight_070226.pdf
2026-07-02,cy2026_bottom_up_eps,340.52,$,https://advantage.factset.com/hubfs/Website/Resources%20Section/Research%20Desk/Earnings%20Insight/EarningsInsight_070226.pdf
2026-07-02,cy2026_earnings_growth,24.1,%,https://advantage.factset.com/hubfs/Website/Resources%20Section/Research%20Desk/Earnings%20Insight/EarningsInsight_070226.pdf
2026-07-02,cy2026_revenue_growth,10.8,%,https://advantage.factset.com/hubfs/Website/Resources%20Section/Research%20Desk/Earnings%20Insight/EarningsInsight_070226.pdf
2026-07-02,fwd_pe,20.4,x,https://advantage.factset.com/hubfs/Website/Resources%20Section/Research%20Desk/Earnings%20Insight/EarningsInsight_070226.pdf
2026-07-02,fwd_pe_10y_avg,19.0,x,https://advantage.factset.com/hubfs/Website/Resources%20Section/Research%20Desk/Earnings%20Insight/EarningsInsight_070226.pdf
2026-07-02,fwd_pe_5y_avg,19.9,x,https://advantage.factset.com/hubfs/Website/Resources%20Section/Research%20Desk/Earnings%20Insight/EarningsInsight_070226.pdf
2026-07-02,index_close,7483.23,pts,https://advantage.factset.com/hubfs/Website/Resources%20Section/Research%20Desk/Earnings%20Insight/EarningsInsight_070226.pdf
2026-07-02,q2_2026_earnings_growth,23.3,%,https://advantage.factset.com/hubfs/Website/Resources%20Section/Research%20Desk/Earnings%20Insight/EarningsInsight_070226.pdf
2026-07-02,q2_2026_guidance_negative,48,n,https://advantage.factset.com/hubfs/Website/Resources%20Section/Research%20Desk/Earnings%20Insight/EarningsInsight_070226.pdf
2026-07-02,q2_2026_guidance_positive,63,n,https://advantage.factset.com/hubfs/Website/Resources%20Section/Research%20Desk/Earnings%20Insight/EarningsInsight_070226.pdf
2026-07-02,target_vs_close,19.6,%,https://advantage.factset.com/hubfs/Website/Resources%20Section/Research%20Desk/Earnings%20Insight/EarningsInsight_070226.pdf
2026-07-10,bottom_up_target_price,8988.75,pts,https://advantage.factset.com/hubfs/Website/Resources%20Section/Research%20Desk/Earnings%20Insight/EarningsInsight_071026.pdf
2026-07-10,cy2026_earnings_growth,24.2,%,https://advantage.factset.com/hubfs/Website/Resources%20Section/Research%20Desk/Earnings%20Insight/EarningsInsight_071026.pdf
2026-07-10,cy2026_revenue_growth,10.7,%,https://advantage.factset.com/hubfs/Website/Resources%20Section/Research%20Desk/Earnings%20Insight/EarningsInsight_071026.pdf
2026-07-10,cy2027_earnings_growth,17.4,%,https://advantage.factset.com/hubfs/Website/Resources%20Section/Research%20Desk/Earnings%20Insight/EarningsInsight_071026.pdf
2026-07-10,cy2027_revenue_growth,8.2,%,https://advantage.factset.com/hubfs/Website/Resources%20Section/Research%20Desk/Earnings%20Insight/EarningsInsight_071026.pdf
2026-07-10,fwd_pe,20.5,x,https://advantage.factset.com/hubfs/Website/Resources%20Section/Research%20Desk/Earnings%20Insight/EarningsInsight_071026.pdf
2026-07-10,fwd_pe_10y_avg,19.0,x,https://advantage.factset.com/hubfs/Website/Resources%20Section/Research%20Desk/Earnings%20Insight/EarningsInsight_071026.pdf
2026-07-10,fwd_pe_5y_avg,19.9,x,https://advantage.factset.com/hubfs/Website/Resources%20Section/Research%20Desk/Earnings%20Insight/EarningsInsight_071026.pdf
2026-07-10,index_close,7543.64,pts,https://advantage.factset.com/hubfs/Website/Resources%20Section/Research%20Desk/Earnings%20Insight/EarningsInsight_071026.pdf
2026-07-10,q2_2026_earnings_growth,23.6,%,https://advantage.factset.com/hubfs/Website/Resources%20Section/Research%20Desk/Earnings%20Insight/EarningsInsight_071026.pdf
2026-07-10,q2_2026_guidance_negative,49,n,https://advantage.factset.com/hubfs/Website/Resources%20Section/Research%20Desk/Earnings%20Insight/EarningsInsight_071026.pdf
2026-07-10,q2_2026_guidance_positive,62,n,https://advantage.factset.com/hubfs/Website/Resources%20Section/Research%20Desk/Earnings%20Insight/EarningsInsight_071026.pdf
2026-07-10,target_vs_close,19.2,%,https://advantage.factset.com/hubfs/Website/Resources%20Section/Research%20Desk/Earnings%20Insight/EarningsInsight_071026.pdf
2026-07-17,bottom_up_target_price,9066.31,pts,https://advantage.factset.com/hubfs/Website/Resources%20Section/Research%20Desk/Earnings%20Insight/EarningsInsight_071726.pdf
2026-07-17,cy2026_earnings_growth,24.5,%,https://advantage.factset.com/hubfs/Website/Resources%20Section/Research%20Desk/Earnings%20Insight/EarningsInsight_071726.pdf
2026-07-17,cy2026_revenue_growth,10.9,%,https://advantage.factset.com/hubfs/Website/Resources%20Section/Research%20Desk/Earnings%20Insight/EarningsInsight_071726.pdf
2026-07-17,cy2027_earnings_growth,17.5,%,https://advantage.factset.com/hubfs/Website/Resources%20Section/Research%20Desk/Earnings%20Insight/EarningsInsight_071726.pdf
2026-07-17,cy2027_revenue_growth,8.2,%,https://advantage.factset.com/hubfs/Website/Resources%20Section/Research%20Desk/Earnings%20Insight/EarningsInsight_071726.pdf
2026-07-17,fwd_pe,20.3,x,https://advantage.factset.com/hubfs/Website/Resources%20Section/Research%20Desk/Earnings%20Insight/EarningsInsight_071726.pdf
2026-07-17,fwd_pe_10y_avg,19.0,x,https://advantage.factset.com/hubfs/Website/Resources%20Section/Research%20Desk/Earnings%20Insight/EarningsInsight_071726.pdf
2026-07-17,fwd_pe_5y_avg,19.9,x,https://advantage.factset.com/hubfs/Website/Resources%20Section/Research%20Desk/Earnings%20Insight/EarningsInsight_071726.pdf
2026-07-17,index_close,7533.77,pts,https://advantage.factset.com/hubfs/Website/Resources%20Section/Research%20Desk/Earnings%20Insight/EarningsInsight_071726.pdf
2026-07-17,q2_2026_earnings_growth_blended,24.7,%,https://advantage.factset.com/hubfs/Website/Resources%20Section/Research%20Desk/Earnings%20Insight/EarningsInsight_071726.pdf
2026-07-17,q3_2026_guidance_negative,4,n,https://advantage.factset.com/hubfs/Website/Resources%20Section/Research%20Desk/Earnings%20Insight/EarningsInsight_071726.pdf
2026-07-17,q3_2026_guidance_positive,5,n,https://advantage.factset.com/hubfs/Website/Resources%20Section/Research%20Desk/Earnings%20Insight/EarningsInsight_071726.pdf
2026-07-17,target_vs_close,20.3,%,https://advantage.factset.com/hubfs/Website/Resources%20Section/Research%20Desk/Earnings%20Insight/EarningsInsight_071726.pdf
2026-07-24,cy2026_earnings_growth,27.3,%,https://advantage.factset.com/hubfs/Website/Resources%20Section/Research%20Desk/Earnings%20Insight/EarningsInsight_072426.pdf
2026-07-24,cy2026_revenue_growth,11.0,%,https://advantage.factset.com/hubfs/Website/Resources%20Section/Research%20Desk/Earnings%20Insight/EarningsInsight_072426.pdf
2026-07-24,cy2027_earnings_growth,15.3,%,https://advantage.factset.com/hubfs/Website/Resources%20Section/Research%20Desk/Earnings%20Insight/EarningsInsight_072426.pdf
2026-07-24,cy2027_revenue_growth,8.3,%,https://advantage.factset.com/hubfs/Website/Resources%20Section/Research%20Desk/Earnings%20Insight/EarningsInsight_072426.pdf
2026-07-24,fwd_pe,20.1,x,https://advantage.factset.com/hubfs/Website/Resources%20Section/Research%20Desk/Earnings%20Insight/EarningsInsight_072426.pdf
2026-07-24,fwd_pe_10y_avg,19.0,x,https://advantage.factset.com/hubfs/Website/Resources%20Section/Research%20Desk/Earnings%20Insight/EarningsInsight_072426.pdf
2026-07-24,fwd_pe_5y_avg,19.9,x,https://advantage.factset.com/hubfs/Website/Resources%20Section/Research%20Desk/Earnings%20Insight/EarningsInsight_072426.pdf
2026-07-24,q2_2026_earnings_growth_blended,37.9,%,https://advantage.factset.com/hubfs/Website/Resources%20Section/Research%20Desk/Earnings%20Insight/EarningsInsight_072426.pdf
2026-07-24,q3_2026_guidance_negative,9,n,https://advantage.factset.com/hubfs/Website/Resources%20Section/Research%20Desk/Earnings%20Insight/EarningsInsight_072426.pdf
2026-07-24,q3_2026_guidance_positive,11,n,https://advantage.factset.com/hubfs/Website/Resources%20Section/Research%20Desk/Earnings%20Insight/EarningsInsight_072426.pdf
2026-07-31,bottom_up_target_price,9060.03,pts,https://advantage.factset.com/hubfs/Website/Resources%20Section/Research%20Desk/Earnings%20Insight/EarningsInsight_073126.pdf
2026-07-31,cy2026_bottom_up_eps,351.33,$,https://advantage.factset.com/hubfs/Website/Resources%20Section/Research%20Desk/Earnings%20Insight/EarningsInsight_073126.pdf
2026-07-31,cy2026_earnings_growth,29.1,%,https://advantage.factset.com/hubfs/Website/Resources%20Section/Research%20Desk/Earnings%20Insight/EarningsInsight_073126.pdf
2026-07-31,cy2026_revenue_growth,11.1,%,https://advantage.factset.com/hubfs/Website/Resources%20Section/Research%20Desk/Earnings%20Insight/EarningsInsight_073126.pdf
2026-07-31,cy2027_earnings_growth,14.1,%,https://advantage.factset.com/hubfs/Website/Resources%20Section/Research%20Desk/Earnings%20Insight/EarningsInsight_073126.pdf
2026-07-31,cy2027_revenue_growth,8.5,%,https://advantage.factset.com/hubfs/Website/Resources%20Section/Research%20Desk/Earnings%20Insight/EarningsInsight_073126.pdf
2026-07-31,fwd_pe,19.6,x,https://advantage.factset.com/hubfs/Website/Resources%20Section/Research%20Desk/Earnings%20Insight/EarningsInsight_073126.pdf
2026-07-31,fwd_pe_10y_avg,19.0,x,https://advantage.factset.com/hubfs/Website/Resources%20Section/Research%20Desk/Earnings%20Insight/EarningsInsight_073126.pdf
2026-07-31,fwd_pe_5y_avg,19.9,x,https://advantage.factset.com/hubfs/Website/Resources%20Section/Research%20Desk/Earnings%20Insight/EarningsInsight_073126.pdf
2026-07-31,index_close,7437.63,pts,https://advantage.factset.com/hubfs/Website/Resources%20Section/Research%20Desk/Earnings%20Insight/EarningsInsight_073126.pdf
2026-07-31,q2_2026_earnings_growth_blended,47.4,%,https://advantage.factset.com/hubfs/Website/Resources%20Section/Research%20Desk/Earnings%20Insight/EarningsInsight_073126.pdf
2026-07-31,q3_2026_guidance_negative,20,n,https://advantage.factset.com/hubfs/Website/Resources%20Section/Research%20Desk/Earnings%20Insight/EarningsInsight_073126.pdf
2026-07-31,q3_2026_guidance_positive,34,n,https://advantage.factset.com/hubfs/Website/Resources%20Section/Research%20Desk/Earnings%20Insight/EarningsInsight_073126.pdf
2026-07-31,target_vs_close,21.8,%,https://advantage.factset.com/hubfs/Website/Resources%20Section/Research%20Desk/Earnings%20Insight/EarningsInsight_073126.pdf
2026-08-07,bottom_up_target_price,9105.91,pts,https://advantage.factset.com/hubfs/Website/Resources%20Section/Research%20Desk/Earnings%20Insight/EarningsInsight_080726.pdf
2026-08-07,cy2026_earnings_growth,30.0,%,https://advantage.factset.com/hubfs/Website/Resources%20Section/Research%20Desk/Earnings%20Insight/EarningsInsight_080726.pdf
2026-08-07,cy2026_revenue_growth,11.5,%,https://advantage.factset.com/hubfs/Website/Resources%20Section/Research%20Desk/Earnings%20Insight/EarningsInsight_080726.pdf
2026-08-07,cy2027_earnings_growth,13.6,%,https://advantage.factset.com/hubfs/Website/Resources%20Section/Research%20Desk/Earnings%20Insight/EarningsInsight_080726.pdf
2026-08-07,cy2027_revenue_growth,8.4,%,https://advantage.factset.com/hubfs/Website/Resources%20Section/Research%20Desk/Earnings%20Insight/EarningsInsight_080726.pdf
2026-08-07,fwd_pe,20.0,x,https://advantage.factset.com/hubfs/Website/Resources%20Section/Research%20Desk/Earnings%20Insight/EarningsInsight_080726.pdf
2026-08-07,fwd_pe_10y_avg,19.0,x,https://advantage.factset.com/hubfs/Website/Resources%20Section/Research%20Desk/Earnings%20Insight/EarningsInsight_080726.pdf
2026-08-07,fwd_pe_5y_avg,19.9,x,https://advantage.factset.com/hubfs/Website/Resources%20Section/Research%20Desk/Earnings%20Insight/EarningsInsight_080726.pdf
2026-08-07,index_close,7709.96,pts,https://advantage.factset.com/hubfs/Website/Resources%20Section/Research%20Desk/Earnings%20Insight/EarningsInsight_080726.pdf
2026-08-07,q2_2026_earnings_growth_blended,50.4,%,https://advantage.factset.com/hubfs/Website/Resources%20Section/Research%20Desk/Earnings%20Insight/EarningsInsight_080726.pdf
2026-08-07,target_vs_close,18.1,%,https://advantage.factset.com/hubfs/Website/Resources%20Section/Research%20Desk/Earnings%20Insight/EarningsInsight_080726.pdf
2026-08-28,bottom_up_target_price,9204.34,pts,https://advantage.factset.com/hubfs/Website/Resources%20Section/Research%20Desk/Earnings%20Insight/EarningsInsight_082826.pdf
2026-08-28,cy2026_earnings_growth,31.2,%,https://advantage.factset.com/hubfs/Website/Resources%20Section/Research%20Desk/Earnings%20Insight/EarningsInsight_082826.pdf
2026-08-28,cy2026_revenue_growth,11.9,%,https://advantage.factset.com/hubfs/Website/Resources%20Section/Research%20Desk/Earnings%20Insight/EarningsInsight_082826.pdf
2026-08-28,cy2027_earnings_growth,14.4,%,https://advantage.factset.com/hubfs/Website/Resources%20Section/Research%20Desk/Earnings%20Insight/EarningsInsight_082826.pdf
2026-08-28,cy2027_revenue_growth,8.9,%,https://advantage.factset.com/hubfs/Website/Resources%20Section/Research%20Desk/Earnings%20Insight/EarningsInsight_082826.pdf
2026-08-28,fwd_pe,19.6,x,https://advantage.factset.com/hubfs/Website/Resources%20Section/Research%20Desk/Earnings%20Insight/EarningsInsight_082826.pdf
2026-08-28,fwd_pe_10y_avg,19.0,x,https://advantage.factset.com/hubfs/Website/Resources%20Section/Research%20Desk/Earnings%20Insight/EarningsInsight_082826.pdf
2026-08-28,fwd_pe_5y_avg,19.9,x,https://advantage.factset.com/hubfs/Website/Resources%20Section/Research%20Desk/Earnings%20Insight/EarningsInsight_082826.pdf
2026-08-28,index_close,7730.99,pts,https://advantage.factset.com/hubfs/Website/Resources%20Section/Research%20Desk/Earnings%20Insight/EarningsInsight_082826.pdf
2026-08-28,q2_2026_earnings_growth_blended,52.0,%,https://advantage.factset.com/hubfs/Website/Resources%20Section/Research%20Desk/Earnings%20Insight/EarningsInsight_082826.pdf
2026-08-28,q3_2026_guidance_negative,35,n,https://advantage.factset.com/hubfs/Website/Resources%20Section/Research%20Desk/Earnings%20Insight/EarningsInsight_082826.pdf
2026-08-28,q3_2026_guidance_positive,63,n,https://advantage.factset.com/hubfs/Website/Resources%20Section/Research%20Desk/Earnings%20Insight/EarningsInsight_082826.pdf
2026-08-28,target_vs_close,19.1,%,https://advantage.factset.com/hubfs/Website/Resources%20Section/Research%20Desk/Earnings%20Insight/EarningsInsight_082826.pdf
2026-09-04,bottom_up_target_price,9240.59,pts,https://advantage.factset.com/hubfs/Website/Resources%20Section/Research%20Desk/Earnings%20Insight/EarningsInsight_090426.pdf
2026-09-04,cy2026_bottom_up_eps,361.38,$,https://advantage.factset.com/hubfs/Website/Resources%20Section/Research%20Desk/Earnings%20Insight/EarningsInsight_090426.pdf
2026-09-04,cy2026_earnings_growth,31.5,%,https://advantage.factset.com/hubfs/Website/Resources%20Section/Research%20Desk/Earnings%20Insight/EarningsInsight_090426.pdf
2026-09-04,cy2026_revenue_growth,12.0,%,https://advantage.factset.com/hubfs/Website/Resources%20Section/Research%20Desk/Earnings%20Insight/EarningsInsight_090426.pdf
2026-09-04,cy2027_earnings_growth,15.0,%,https://advantage.factset.com/hubfs/Website/Resources%20Section/Research%20Desk/Earnings%20Insight/EarningsInsight_090426.pdf
2026-09-04,cy2027_revenue_growth,9.0,%,https://advantage.factset.com/hubfs/Website/Resources%20Section/Research%20Desk/Earnings%20Insight/EarningsInsight_090426.pdf
2026-09-04,fwd_pe,19.5,x,https://advantage.factset.com/hubfs/Website/Resources%20Section/Research%20Desk/Earnings%20Insight/EarningsInsight_090426.pdf
2026-09-04,fwd_pe_10y_avg,19.0,x,https://advantage.factset.com/hubfs/Website/Resources%20Section/Research%20Desk/Earnings%20Insight/EarningsInsight_090426.pdf
2026-09-04,fwd_pe_5y_avg,19.8,x,https://advantage.factset.com/hubfs/Website/Resources%20Section/Research%20Desk/Earnings%20Insight/EarningsInsight_090426.pdf
2026-09-04,index_close,7747.71,pts,https://advantage.factset.com/hubfs/Website/Resources%20Section/Research%20Desk/Earnings%20Insight/EarningsInsight_090426.pdf
2026-09-04,q3_2026_earnings_growth,28.5,%,https://advantage.factset.com/hubfs/Website/Resources%20Section/Research%20Desk/Earnings%20Insight/EarningsInsight_090426.pdf
2026-09-04,q3_2026_guidance_negative,41,n,https://advantage.factset.com/hubfs/Website/Resources%20Section/Research%20Desk/Earnings%20Insight/EarningsInsight_090426.pdf
2026-09-04,q3_2026_guidance_positive,70,n,https://advantage.factset.com/hubfs/Website/Resources%20Section/Research%20Desk/Earnings%20Insight/EarningsInsight_090426.pdf
2026-09-04,target_vs_close,19.3,%,https://advantage.factset.com/hubfs/Website/Resources%20Section/Research%20Desk/Earnings%20Insight/EarningsInsight_090426.pdf
2026-09-11,bottom_up_target_price,9251.61,pts,https://advantage.factset.com/hubfs/Website/Resources%20Section/Research%20Desk/Earnings%20Insight/EarningsInsight_091126.pdf
2026-09-11,cy2026_earnings_growth,31.6,%,https://advantage.factset.com/hubfs/Website/Resources%20Section/Research%20Desk/Earnings%20Insight/EarningsInsight_091126.pdf
2026-09-11,cy2026_revenue_growth,12.1,%,https://advantage.factset.com/hubfs/Website/Resources%20Section/Research%20Desk/Earnings%20Insight/EarningsInsight_091126.pdf
2026-09-11,cy2027_earnings_growth,15.1,%,https://advantage.factset.com/hubfs/Website/Resources%20Section/Research%20Desk/Earnings%20Insight/EarningsInsight_091126.pdf
2026-09-11,cy2027_revenue_growth,9.1,%,https://advantage.factset.com/hubfs/Website/Resources%20Section/Research%20Desk/Earnings%20Insight/EarningsInsight_091126.pdf
2026-09-11,fwd_pe,19.1,x,https://advantage.factset.com/hubfs/Website/Resources%20Section/Research%20Desk/Earnings%20Insight/EarningsInsight_091126.pdf
2026-09-11,fwd_pe_10y_avg,19.0,x,https://advantage.factset.com/hubfs/Website/Resources%20Section/Research%20Desk/Earnings%20Insight/EarningsInsight_091126.pdf
2026-09-11,fwd_pe_5y_avg,19.8,x,https://advantage.factset.com/hubfs/Website/Resources%20Section/Research%20Desk/Earnings%20Insight/EarningsInsight_091126.pdf
2026-09-11,index_close,7591.70,pts,https://advantage.factset.com/hubfs/Website/Resources%20Section/Research%20Desk/Earnings%20Insight/EarningsInsight_091126.pdf
2026-09-11,q3_2026_earnings_growth,28.7,%,https://advantage.factset.com/hubfs/Website/Resources%20Section/Research%20Desk/Earnings%20Insight/EarningsInsight_091126.pdf
2026-09-11,q3_2026_guidance_negative,42,n,https://advantage.factset.com/hubfs/Website/Resources%20Section/Research%20Desk/Earnings%20Insight/EarningsInsight_091126.pdf
2026-09-11,q3_2026_guidance_positive,72,n,https://advantage.factset.com/hubfs/Website/Resources%20Section/Research%20Desk/Earnings%20Insight/EarningsInsight_091126.pdf
2026-09-11,target_vs_close,21.9,%,https://advantage.factset.com/hubfs/Website/Resources%20Section/Research%20Desk/Earnings%20Insight/EarningsInsight_091126.pdf
2026-09-18,bottom_up_target_price,9260.67,pts,https://advantage.factset.com/hubfs/Website/Resources%20Section/Research%20Desk/Earnings%20Insight/EarningsInsight_091826.pdf
2026-09-18,cy2026_earnings_growth,31.8,%,https://advantage.factset.com/hubfs/Website/Resources%20Section/Research%20Desk/Earnings%20Insight/EarningsInsight_091826.pdf
2026-09-18,cy2026_revenue_growth,12.1,%,https://advantage.factset.com/hubfs/Website/Resources%20Section/Research%20Desk/Earnings%20Insight/EarningsInsight_091826.pdf
2026-09-18,cy2027_earnings_growth,15.2,%,https://advantage.factset.com/hubfs/Website/Resources%20Section/Research%20Desk/Earnings%20Insight/EarningsInsight_091826.pdf
2026-09-18,cy2027_revenue_growth,9.1,%,https://advantage.factset.com/hubfs/Website/Resources%20Section/Research%20Desk/Earnings%20Insight/EarningsInsight_091826.pdf
2026-09-18,fwd_pe,19.1,x,https://advantage.factset.com/hubfs/Website/Resources%20Section/Research%20Desk/Earnings%20Insight/EarningsInsight_091826.pdf
2026-09-18,fwd_pe_10y_avg,19.0,x,https://advantage.factset.com/hubfs/Website/Resources%20Section/Research%20Desk/Earnings%20Insight/EarningsInsight_091826.pdf
2026-09-18,fwd_pe_5y_avg,19.8,x,https://advantage.factset.com/hubfs/Website/Resources%20Section/Research%20Desk/Earnings%20Insight/EarningsInsight_091826.pdf
2026-09-18,index_close,7637.76,pts,https://advantage.factset.com/hubfs/Website/Resources%20Section/Research%20Desk/Earnings%20Insight/EarningsInsight_091826.pdf
2026-09-18,q3_2026_earnings_growth,28.9,%,https://advantage.factset.com/hubfs/Website/Resources%20Section/Research%20Desk/Earnings%20Insight/EarningsInsight_091826.pdf
2026-09-18,q3_2026_guidance_negative,43,n,https://advantage.factset.com/hubfs/Website/Resources%20Section/Research%20Desk/Earnings%20Insight/EarningsInsight_091826.pdf
2026-09-18,q3_2026_guidance_positive,72,n,https://advantage.factset.com/hubfs/Website/Resources%20Section/Research%20Desk/Earnings%20Insight/EarningsInsight_091826.pdf
2026-09-18,target_vs_close,21.2,%,https://advantage.factset.com/hubfs/Website/Resources%20Section/Research%20Desk/Earnings%20Insight/EarningsInsight_091826.pdf
2026-09-25,bottom_up_target_price,9275.04,pts,https://advantage.factset.com/hubfs/Website/Resources%20Section/Research%20Desk/Earnings%20Insight/EarningsInsight_092526.pdf
2026-09-25,cy2026_earnings_growth,32.0,%,https://advantage.factset.com/hubfs/Website/Resources%20Section/Research%20Desk/Earnings%20Insight/EarningsInsight_092526.pdf
2026-09-25,cy2026_revenue_growth,12.3,%,https://advantage.factset.com/hubfs/Website/Resources%20Section/Research%20Desk/Earnings%20Insight/EarningsInsight_092526.pdf
2026-09-25,cy2027_earnings_growth,15.4,%,https://advantage.factset.com/hubfs/Website/Resources%20Section/Research%20Desk/Earnings%20Insight/EarningsInsight_092526.pdf
2026-09-25,cy2027_revenue_growth,9.2,%,https://advantage.factset.com/hubfs/Website/Resources%20Section/Research%20Desk/Earnings%20Insight/EarningsInsight_092526.pdf
2026-09-25,fwd_pe,19.2,x,https://advantage.factset.com/hubfs/Website/Resources%20Section/Research%20Desk/Earnings%20Insight/EarningsInsight_092526.pdf
2026-09-25,fwd_pe_10y_avg,19.0,x,https://advantage.factset.com/hubfs/Website/Resources%20Section/Research%20Desk/Earnings%20Insight/EarningsInsight_092526.pdf
2026-09-25,fwd_pe_5y_avg,19.8,x,https://advantage.factset.com/hubfs/Website/Resources%20Section/Research%20Desk/Earnings%20Insight/EarningsInsight_092526.pdf
2026-09-25,index_close,7704.13,pts,https://advantage.factset.com/hubfs/Website/Resources%20Section/Research%20Desk/Earnings%20Insight/EarningsInsight_092526.pdf
2026-09-25,q3_2026_earnings_growth,29.1,%,https://advantage.factset.com/hubfs/Website/Resources%20Section/Research%20Desk/Earnings%20Insight/EarningsInsight_092526.pdf
2026-09-25,q3_2026_guidance_negative,44,n,https://advantage.factset.com/hubfs/Website/Resources%20Section/Research%20Desk/Earnings%20Insight/EarningsInsight_092526.pdf
2026-09-25,q3_2026_guidance_positive,72,n,https://advantage.factset.com/hubfs/Website/Resources%20Section/Research%20Desk/Earnings%20Insight/EarningsInsight_092526.pdf
2026-09-25,target_vs_close,20.4,%,https://advantage.factset.com/hubfs/Website/Resources%20Section/Research%20Desk/Earnings%20Insight/EarningsInsight_092526.pdf
2026-10-02,bottom_up_target_price,9280.66,pts,https://advantage.factset.com/hubfs/Website/Resources%20Section/Research%20Desk/Earnings%20Insight/EarningsInsight_100226.pdf
2026-10-02,cy2026_bottom_up_eps,361.66,$,https://advantage.factset.com/hubfs/Website/Resources%20Section/Research%20Desk/Earnings%20Insight/EarningsInsight_100226.pdf
2026-10-02,cy2026_earnings_growth,32.4,%,https://advantage.factset.com/hubfs/Website/Resources%20Section/Research%20Desk/Earnings%20Insight/EarningsInsight_100226.pdf
2026-10-02,cy2026_revenue_growth,12.4,%,https://advantage.factset.com/hubfs/Website/Resources%20Section/Research%20Desk/Earnings%20Insight/EarningsInsight_100226.pdf
2026-10-02,cy2027_earnings_growth,15.8,%,https://advantage.factset.com/hubfs/Website/Resources%20Section/Research%20Desk/Earnings%20Insight/EarningsInsight_100226.pdf
2026-10-02,cy2027_revenue_growth,9.3,%,https://advantage.factset.com/hubfs/Website/Resources%20Section/Research%20Desk/Earnings%20Insight/EarningsInsight_100226.pdf
2026-10-02,fwd_pe,19.0,x,https://advantage.factset.com/hubfs/Website/Resources%20Section/Research%20Desk/Earnings%20Insight/EarningsInsight_100226.pdf
2026-10-02,fwd_pe_10y_avg,19.1,x,https://advantage.factset.com/hubfs/Website/Resources%20Section/Research%20Desk/Earnings%20Insight/EarningsInsight_100226.pdf
2026-10-02,fwd_pe_5y_avg,19.8,x,https://advantage.factset.com/hubfs/Website/Resources%20Section/Research%20Desk/Earnings%20Insight/EarningsInsight_100226.pdf
2026-10-02,index_close,7651.54,pts,https://advantage.factset.com/hubfs/Website/Resources%20Section/Research%20Desk/Earnings%20Insight/EarningsInsight_100226.pdf
2026-10-02,q3_2026_earnings_growth,29.5,%,https://advantage.factset.com/hubfs/Website/Resources%20Section/Research%20Desk/Earnings%20Insight/EarningsInsight_100226.pdf
2026-10-02,q3_2026_guidance_negative,44,n,https://advantage.factset.com/hubfs/Website/Resources%20Section/Research%20Desk/Earnings%20Insight/EarningsInsight_100226.pdf
2026-10-02,q3_2026_guidance_positive,72,n,https://advantage.factset.com/hubfs/Website/Resources%20Section/Research%20Desk/Earnings%20Insight/EarningsInsight_100226.pdf
2026-10-02,target_vs_close,21.3,%,https://advantage.factset.com/hubfs/Website/Resources%20Section/Research%20Desk/Earnings%20Insight/EarningsInsight_100226.pdf
