series,date,value
A191RL1Q225SBEA,2023-01-01,3.4
A191RL1Q225SBEA,2023-04-01,2.2
A191RL1Q225SBEA,2023-07-01,4.5
A191RL1Q225SBEA,2023-10-01,3.6
A191RL1Q225SBEA,2024-01-01,1.4
A191RL1Q225SBEA,2024-04-01,3.6
A191RL1Q225SBEA,2024-07-01,3.2
A191RL1Q225SBEA,2024-10-01,2.4
A191RL1Q225SBEA,2025-01-01,0.1
A191RL1Q225SBEA,2025-04-01,4.0
A191RL1Q225SBEA,2025-07-01,3.9
A191RL1Q225SBEA,2025-10-01,0.2
A191RL1Q225SBEA,2026-01-01,2.5
A191RL1Q225SBEA,2026-04-01,2.2
NFCI,2023-01-06,-0.245
NFCI,2023-01-13,-0.269
NFCI,2023-01-20,-0.290
NFCI,2023-01-27,-0.306
NFCI,2023-02-03,-0.314
NFCI,2023-02-10,-0.310
NFCI,2023-02-17,-0.295
NFCI,2023-02-24,-0.270
NFCI,2023-03-03,-0.239
NFCI,2023-03-10,-0.207
NFCI,2023-03-17,-0.175
NFCI,2023-03-24,-0.156
NFCI,2023-03-31,-0.152
NFCI,2023-04-07,-0.155
NFCI,2023-04-14,-0.165
NFCI,2023-04-21,-0.179
NFCI,2023-04-28,-0.190
NFCI,2023-05-05,-0.199
NFCI,2023-05-12,-0.206
NFCI,2023-05-19,-0.211
NFCI,2023-05-26,-0.213
NFCI,2023-06-02,-0.215
NFCI,2023-06-09,-0.216
NFCI,2023-06-16,-0.218
NFCI,2023-06-23,-0.222
NFCI,2023-06-30,-0.227
NFCI,2023-07-07,-0.236
NFCI,2023-07-14,-0.249
NFCI,2023-07-21,-0.264
NFCI,2023-07-28,-0.280
NFCI,2023-08-04,-0.297
NFCI,2023-08-11,-0.313
NFCI,2023-08-18,-0.325
NFCI,2023-08-25,-0.334
NFCI,2023-09-01,-0.339
NFCI,2023-09-08,-0.339
NFCI,2023-09-15,-0.334
NFCI,2023-09-22,-0.325
NFCI,2023-09-29,-0.313
NFCI,2023-10-06,-0.302
NFCI,2023-10-13,-0.292
NFCI,2023-10-20,-0.286
NFCI,2023-10-27,-0.285
NFCI,2023-11-03,-0.290
NFCI,2023-11-10,-0.299
NFCI,2023-11-17,-0.309
NFCI,2023-11-24,-0.320
NFCI,2023-12-01,-0.331
NFCI,2023-12-08,-0.340
NFCI,2023-12-15,-0.349
NFCI,2023-12-22,-0.357
NFCI,2023-12-29,-0.366
NFCI,2024-01-05,-0.374
NFCI,2024-01-12,-0.382
NFCI,2024-01-19,-0.389
NFCI,2024-01-26,-0.395
NFCI,2024-02-02,-0.402
NFCI,2024-02-09,-0.409
NFCI,2024-02-16,-0.417
NFCI,2024-02-23,-0.426
NFCI,2024-03-01,-0.432
NFCI,2024-03-08,-0.436
NFCI,2024-03-15,-0.437
NFCI,2024-03-22,-0.435
NFCI,2024-03-29,-0.431
NFCI,2024-04-05,-0.425
NFCI,2024-04-12,-0.419
NFCI,2024-04-19,-0.414
NFCI,2024-04-26,-0.412
NFCI,2024-05-03,-0.411
NFCI,2024-05-10,-0.412
NFCI,2024-05-17,-0.411
NFCI,2024-05-24,-0.411
NFCI,2024-05-31,-0.407
NFCI,2024-06-07,-0.401
NFCI,2024-06-14,-0.394
NFCI,2024-06-21,-0.386
NFCI,2024-06-28,-0.379
NFCI,2024-07-05,-0.373
NFCI,2024-07-12,-0.367
NFCI,2024-07-19,-0.362
NFCI,2024-07-26,-0.359
NFCI,2024-08-02,-0.357
NFCI,2024-08-09,-0.359
NFCI,2024-08-16,-0.367
NFCI,2024-08-23,-0.378
NFCI,2024-08-30,-0.389
NFCI,2024-09-06,-0.401
NFCI,2024-09-13,-0.411
NFCI,2024-09-20,-0.419
NFCI,2024-09-27,-0.425
NFCI,2024-10-04,-0.430
NFCI,2024-10-11,-0.434
NFCI,2024-10-18,-0.438
NFCI,2024-10-25,-0.443
NFCI,2024-11-01,-0.450
NFCI,2024-11-08,-0.457
NFCI,2024-11-15,-0.465
NFCI,2024-11-22,-0.470
NFCI,2024-11-29,-0.473
NFCI,2024-12-06,-0.476
NFCI,2024-12-13,-0.477
NFCI,2024-12-20,-0.479
NFCI,2024-12-27,-0.483
NFCI,2025-01-03,-0.487
NFCI,2025-01-10,-0.493
NFCI,2025-01-17,-0.499
NFCI,2025-01-24,-0.504
NFCI,2025-01-31,-0.507
NFCI,2025-02-07,-0.506
NFCI,2025-02-14,-0.501
NFCI,2025-02-21,-0.492
NFCI,2025-02-28,-0.478
NFCI,2025-03-07,-0.461
NFCI,2025-03-14,-0.443
NFCI,2025-03-21,-0.425
NFCI,2025-03-28,-0.408
NFCI,2025-04-04,-0.393
NFCI,2025-04-11,-0.382
NFCI,2025-04-18,-0.383
NFCI,2025-04-25,-0.389
NFCI,2025-05-02,-0.403
NFCI,2025-05-09,-0.420
NFCI,2025-05-16,-0.438
NFCI,2025-05-23,-0.452
NFCI,2025-05-30,-0.465
NFCI,2025-06-06,-0.474
NFCI,2025-06-13,-0.481
NFCI,2025-06-20,-0.488
NFCI,2025-06-27,-0.494
NFCI,2025-07-04,-0.501
NFCI,2025-07-11,-0.507
NFCI,2025-07-18,-0.512
NFCI,2025-07-25,-0.516
NFCI,2025-08-01,-0.519
NFCI,2025-08-08,-0.521
NFCI,2025-08-15,-0.524
NFCI,2025-08-22,-0.525
NFCI,2025-08-29,-0.525
NFCI,2025-09-05,-0.526
NFCI,2025-09-12,-0.526
NFCI,2025-09-19,-0.525
NFCI,2025-09-26,-0.524
NFCI,2025-10-03,-0.523
NFCI,2025-10-10,-0.521
NFCI,2025-10-17,-0.518
NFCI,2025-10-24,-0.515
NFCI,2025-10-31,-0.511
NFCI,2025-11-07,-0.508
NFCI,2025-11-14,-0.506
NFCI,2025-11-21,-0.505
NFCI,2025-11-28,-0.507
NFCI,2025-12-05,-0.510
NFCI,2025-12-12,-0.515
NFCI,2025-12-19,-0.524
NFCI,2025-12-26,-0.535
NFCI,2026-01-02,-0.547
NFCI,2026-01-09,-0.558
NFCI,2026-01-16,-0.565
NFCI,2026-01-23,-0.566
NFCI,2026-01-30,-0.563
NFCI,2026-02-06,-0.554
NFCI,2026-02-13,-0.541
NFCI,2026-02-20,-0.525
NFCI,2026-02-27,-0.506
NFCI,2026-03-06,-0.488
NFCI,2026-03-13,-0.472
NFCI,2026-03-20,-0.463
NFCI,2026-03-27,-0.459
NFCI,2026-04-03,-0.464
NFCI,2026-04-10,-0.474
NFCI,2026-04-17,-0.485
NFCI,2026-04-24,-0.495
NFCI,2026-05-01,-0.502
NFCI,2026-05-08,-0.507
NFCI,2026-05-15,-0.508
NFCI,2026-05-22,-0.507
NFCI,2026-05-29,-0.506
NFCI,2026-06-05,-0.505
NFCI,2026-06-12,-0.505
NFCI,2026-06-19,-0.507
NFCI,2026-06-26,-0.510
NFCI,2026-07-03,-0.516
NFCI,2026-07-10,-0.522
NFCI,2026-07-17,-0.528
NFCI,2026-07-24,-0.535
NFCI,2026-07-31,-0.540
NFCI,2026-08-07,-0.545
NFCI,2026-08-14,-0.549
NFCI,2026-08-21,-0.551
NFCI,2026-08-28,-0.549
NFCI,2026-09-04,-0.545
NFCI,2026-09-11,-0.536
NFCI,2026-09-18,-0.524
NFCI,2026-09-25,-0.510
NFCI,2026-10-02,-0.494
PCEPILFE,2023-01-01,117.415
PCEPILFE,2023-02-01,117.825
PCEPILFE,2023-03-01,118.295
PCEPILFE,2023-04-01,118.671
PCEPILFE,2023-05-01,119.061
PCEPILFE,2023-06-01,119.350
PCEPILFE,2023-07-01,119.515
PCEPILFE,2023-08-01,119.662
PCEPILFE,2023-09-01,120.053
PCEPILFE,2023-10-01,120.321
PCEPILFE,2023-11-01,120.525
PCEPILFE,2023-12-01,120.694
PCEPILFE,2024-01-01,121.201
PCEPILFE,2024-02-01,121.570
PCEPILFE,2024-03-01,122.016
PCEPILFE,2024-04-01,122.252
PCEPILFE,2024-05-01,122.406
PCEPILFE,2024-06-01,122.667
PCEPILFE,2024-07-01,122.872
PCEPILFE,2024-08-01,123.135
PCEPILFE,2024-09-01,123.462
PCEPILFE,2024-10-01,123.816
PCEPILFE,2024-11-01,123.989
PCEPILFE,2024-12-01,124.198
PCEPILFE,2025-01-01,124.609
PCEPILFE,2025-02-01,125.002
PCEPILFE,2025-03-01,125.144
PCEPILFE,2025-04-01,125.524
PCEPILFE,2025-05-01,125.818
PCEPILFE,2025-06-01,126.133
PCEPILFE,2025-07-01,126.363
PCEPILFE,2025-08-01,126.646
PCEPILFE,2025-09-01,126.940
PCEPILFE,2025-10-01,127.165
PCEPILFE,2025-11-01,127.363
PCEPILFE,2025-12-01,127.765
PCEPILFE,2026-01-01,128.270
PCEPILFE,2026-02-01,128.701
PCEPILFE,2026-03-01,129.030
PCEPILFE,2026-04-01,129.395
PCEPILFE,2026-05-01,129.796
PCEPILFE,2026-06-01,129.969
PCEPILFE,2026-07-01,130.133
PCEPILFE,2026-08-01,130.455
WALCL,2023-01-04,8507429
WALCL,2023-01-11,8508587
WALCL,2023-01-18,8489039
WALCL,2023-01-25,8470557
WALCL,2023-02-01,8433610
WALCL,2023-02-08,8435369
WALCL,2023-02-15,8384767
WALCL,2023-02-22,8382190
WALCL,2023-03-01,8339684
WALCL,2023-03-08,8342283
WALCL,2023-03-15,8639300
WALCL,2023-03-22,8733787
WALCL,2023-03-29,8705942
WALCL,2023-04-05,8632384
WALCL,2023-04-12,8614797
WALCL,2023-04-19,8593263
WALCL,2023-04-26,8562768
WALCL,2023-05-03,8503994
WALCL,2023-05-10,8503017
WALCL,2023-05-17,8456760
WALCL,2023-05-24,8436255
WALCL,2023-05-31,8385854
WALCL,2023-06-07,8389325
WALCL,2023-06-14,8388323
WALCL,2023-06-21,8362060
WALCL,2023-06-28,8340914
WALCL,2023-07-05,8298312
WALCL,2023-07-12,8296923
WALCL,2023-07-19,8274552
WALCL,2023-07-26,8243344
WALCL,2023-08-02,8206764
WALCL,2023-08-09,8208241
WALCL,2023-08-16,8145727
WALCL,2023-08-23,8139066
WALCL,2023-08-30,8121316
WALCL,2023-09-06,8101318
WALCL,2023-09-13,8098779
WALCL,2023-09-20,8024090
WALCL,2023-09-27,8002064
WALCL,2023-10-04,7955782
WALCL,2023-10-11,7952054
WALCL,2023-10-18,7933162
WALCL,2023-10-25,7907830
WALCL,2023-11-01,7866664
WALCL,2023-11-08,7860691
WALCL,2023-11-15,7814991
WALCL,2023-11-22,7810814
WALCL,2023-11-29,7796145
WALCL,2023-12-06,7737385
WALCL,2023-12-13,7739566
WALCL,2023-12-20,7724063
WALCL,2023-12-27,7712781
WALCL,2024-01-03,7681024
WALCL,2024-01-10,7686710
WALCL,2024-01-17,7673741
WALCL,2024-01-24,7677230
WALCL,2024-01-31,7630124
WALCL,2024-02-07,7631300
WALCL,2024-02-14,7633874
WALCL,2024-02-21,7581683
WALCL,2024-02-28,7567807
WALCL,2024-03-06,7538857
WALCL,2024-03-13,7541969
WALCL,2024-03-20,7514348
WALCL,2024-03-27,7484739
WALCL,2024-04-03,7439558
WALCL,2024-04-10,7438176
WALCL,2024-04-17,7405506
WALCL,2024-04-24,7402434
WALCL,2024-05-01,7362474
WALCL,2024-05-08,7353408
WALCL,2024-05-15,7304272
WALCL,2024-05-22,7299566
WALCL,2024-05-29,7284319
WALCL,2024-06-05,7255687
WALCL,2024-06-12,7258974
WALCL,2024-06-19,7252542
WALCL,2024-06-26,7231163
WALCL,2024-07-03,7221520
WALCL,2024-07-10,7224079
WALCL,2024-07-17,7208247
WALCL,2024-07-24,7205455
WALCL,2024-07-31,7178391
WALCL,2024-08-07,7175256
WALCL,2024-08-14,7177688
WALCL,2024-08-21,7139952
WALCL,2024-08-28,7123238
WALCL,2024-09-04,7112567
WALCL,2024-09-11,7115001
WALCL,2024-09-18,7109137
WALCL,2024-09-25,7080059
WALCL,2024-10-02,7046925
WALCL,2024-10-09,7046840
WALCL,2024-10-16,7039284
WALCL,2024-10-23,7029408
WALCL,2024-10-30,7013490
WALCL,2024-11-06,6994299
WALCL,2024-11-13,6967108
WALCL,2024-11-20,6923731
WALCL,2024-11-27,6905140
WALCL,2024-12-04,6895827
WALCL,2024-12-11,6897485
WALCL,2024-12-18,6889332
WALCL,2024-12-25,6885963
WALCL,2025-01-01,6852491
WALCL,2025-01-08,6853554
WALCL,2025-01-15,6834070
WALCL,2025-01-22,6831760
WALCL,2025-01-29,6818186
WALCL,2025-02-05,6810935
WALCL,2025-02-12,6813513
WALCL,2025-02-19,6782332
WALCL,2025-02-26,6766101
WALCL,2025-03-05,6756764
WALCL,2025-03-12,6759571
WALCL,2025-03-19,6755982
WALCL,2025-03-26,6740253
WALCL,2025-04-02,6723452
WALCL,2025-04-09,6727416
WALCL,2025-04-16,6727113
WALCL,2025-04-23,6726930
WALCL,2025-04-30,6709277
WALCL,2025-05-07,6710889
WALCL,2025-05-14,6713270
WALCL,2025-05-21,6688726
WALCL,2025-05-28,6673244
WALCL,2025-06-04,6672885
WALCL,2025-06-11,6677155
WALCL,2025-06-18,6681056
WALCL,2025-06-25,6662200
WALCL,2025-07-02,6659598
WALCL,2025-07-09,6661912
WALCL,2025-07-16,6659273
WALCL,2025-07-23,6657715
WALCL,2025-07-30,6642578
WALCL,2025-08-06,6640843
WALCL,2025-08-13,6643615
WALCL,2025-08-20,6618415
WALCL,2025-08-27,6603384
WALCL,2025-09-03,6602071
WALCL,2025-09-10,6605962
WALCL,2025-09-17,6608597
WALCL,2025-09-24,6608395
WALCL,2025-10-01,6587119
WALCL,2025-10-08,6590815
WALCL,2025-10-15,6596454
WALCL,2025-10-22,6589533
WALCL,2025-10-29,6587034
WALCL,2025-11-05,6572732
WALCL,2025-11-12,6580462
WALCL,2025-11-19,6555283
WALCL,2025-11-26,6552419
WALCL,2025-12-03,6535781
WALCL,2025-12-10,6539303
WALCL,2025-12-17,6556861
WALCL,2025-12-24,6581231
WALCL,2025-12-31,6640618
WALCL,2026-01-07,6573602
WALCL,2026-01-14,6581700
WALCL,2026-01-21,6584580
WALCL,2026-01-28,6587568
WALCL,2026-02-04,6605909
WALCL,2026-02-11,6622382
WALCL,2026-02-18,6613395
WALCL,2026-02-25,6613797
WALCL,2026-03-04,6628894
WALCL,2026-03-11,6646344
WALCL,2026-03-18,6655939
WALCL,2026-03-25,6657161
WALCL,2026-04-01,6675344
WALCL,2026-04-08,6693871
WALCL,2026-04-15,6705696
WALCL,2026-04-22,6707419
WALCL,2026-04-29,6699950
WALCL,2026-05-06,6709505
WALCL,2026-05-13,6728502
WALCL,2026-05-20,6713643
WALCL,2026-05-27,6704383
WALCL,2026-06-03,6711495
WALCL,2026-06-10,6725397
WALCL,2026-06-17,6736424
WALCL,2026-06-24,6735645
WALCL,2026-07-01,6724564
WALCL,2026-07-08,6735609
WALCL,2026-07-15,6743028
WALCL,2026-07-22,6747378
WALCL,2026-07-29,6738190
WALCL,2026-08-05,6748567
WALCL,2026-08-12,6759955
WALCL,2026-08-19,6745699
WALCL,2026-08-26,6730912
WALCL,2026-09-02,6737204
WALCL,2026-09-09,6740619
WALCL,2026-09-16,6746548
WALCL,2026-09-23,6747704
WALCL,2026-09-30,6743031
