outlet,published,title,url,first_seen
Reuters,2026-10-02T17:56:07Z,Stocks rise after weak US jobs data but bonds resume selling,https://news.google.com/rss/articles/CBMie0FVX3lxTE0xaEpXc3pMdGRXalZlcHdvWThBeklWRlpfRDd4cUZLbXNGS2s0YVF4Sm42YUpqaFNTbVkyWmIyanN6WmxtSG5yME8zTml3Z1N3a0NabmktSy1YYWp0SFlOM2NQZEN6WmFnX096dUREY1pHTFJ0NzlrUW54cw?oc=5,2026-10-08
Reuters,2026-10-06T20:31:45Z,"Wall Street shares notch records as oil prices stabilize, bond yields retreat",https://news.google.com/rss/articles/CBMigwFBVV95cUxNZlMwQU1nbHRaZ2dnOUVOM1c1LXBxNXhWUTNzS1ROWDZyODk1NldRTHB2ODNKbnI0am5tUUcwMU9YekUxMWtLOFVGMFczTU12cHpCclQ1cnhDRzBMVGRBWTYwRjZPVUZidVFlT1FMZGdUcnR6MENjNXVMUXRzTlVzdVJkSQ?oc=5,2026-10-08
Reuters,2026-10-05T21:38:42Z,"Nasdaq hits record as dollar and Treasury yields climb, oil prices ease",https://news.google.com/rss/articles/CBMigwFBVV95cUxOUzk3bWZMY2M2d1ZHLWhKbzhqV2VPZjY0N2JCcm0tMGRLUTAzM2V5TmZ3RzI1dGZNZ0duR2NmZXIxQU1qaWZvdGI5SUwtRWpiQ0dkWTBVdUIxNFZzVDAxOWpQa0FmQWFTRWZUTV9lWE1yRGR5MmN6WG16UGJNamRNUzB4WQ?oc=5,2026-10-08
Reuters,2026-10-01T07:00:00Z,PODCAST: The bond hangover,https://news.google.com/rss/articles/CBMihAFBVV95cUxPUVhDOS02V3g5ekdyUXltd2U3WW9XTlA4MU1PN2ZCTFkyRk93OVBrc0lES2RmZjI4R09vT0ptNzdrZm41aUQ4S2NiREIyYVUzTWZZLU5lOGhLdUpHc3lWSFYwTV9WSWZ5QW4yc3djTldnRmlKcFV5Qy1vQkhVWWhEdFA4cl8?oc=5,2026-10-08
Reuters,2026-10-06T10:27:00Z,"S&P 500, Nasdaq reach record closing highs as focus pivots to earnings",https://news.google.com/rss/articles/CBMihwFBVV95cUxPZ0p5VWxQQ0ZmUUI0Vk5wRUVjTUJhZjZGUlZjU2tWU1AtOEdqYjZ0OFRtRXNrUVdrTFlNZjVWdzluRjUyaWhHTlYxMG5Yc21pMHFubTdiX1RIRTRUSnB4UTZPckRMZTlzTHBEbkZKU1ROMTZpWE9lMXhPQkhyQmhBV3JNdkFrQVk?oc=5,2026-10-08
Reuters,2026-10-01T23:33:06Z,Fed's Logan calls for '50 bps or more' in rate hikes,https://news.google.com/rss/articles/CBMijAFBVV95cUxPY25fbkF3U3FzTGZISkVoSW1IeGNCbXhTYUZIVWRzRkpIZGpWZ3FxWjNkS3c3d19fS2cyLTZHcnpVTUt3elpTQTdhMkxVd2VRM0JQaHRVOGVkV2FFS1RDc0FPbFZfcHpwNXNRUHEtcUx3VENpeWxiOWI2Q1lOb19kVFliWFptNXM1Y21rcw?oc=5,2026-10-08
Reuters,2026-10-07T20:05:34Z,"US bonds selloff eases, yields off highs, after strong 10-year note auction",https://news.google.com/rss/articles/CBMilAFBVV95cUxQN0RvVl9ubDN1ZkRqRFJ1Z21yUUdrSHFGUG5jRmU5N2FUU0dPeHlGcjlBY0hQZjltWjFVc3hJNEtSVEtKNUF1T0RZV3dnWFEzbWJ6Yi1jbk1QajNDMzFMTzlTUUtkNExTdWJIYXZHZ3FMTXgycVJVd056RFhwYkRYM0tYa3I3eElsVGdnMHUxQWh6blZK?oc=5,2026-10-08
Reuters,2026-10-02T17:23:43Z,Fed's Goolsbee says rate hike and pause both 'on the table',https://news.google.com/rss/articles/CBMimAFBVV95cUxPRVl3X2F3djhLSmxyT010N1Z2YU1KTTRUUVNRYWFtaFpoNXhKcGIzWl9LRUhmSWFSNGZqWnF1QTcxTG81dS00elV1aDRlN2dobnpSY3hhOU44WGN6TlNVLV90WEwyYm40Y0g2UGZ3dDZkT3hBVDZRaFppb3VRMWljREI5c3NDYzdISFBFRElPaVRIcy1YamFfaw?oc=5,2026-10-08
Reuters,2026-10-05T22:38:44Z,Nasdaq notches record high close as investors focus on earnings,https://news.google.com/rss/articles/CBMimgFBVV95cUxQV09jSm4zWHp2ODd2SmNPRHdJcUhDcjNzZ3dwYkwzZ3NSVHdyVUdUVEI0TWltb3RKQUZucVVNa2l1UzAxWmtSd0hQSWFjVXV0WVZiUjJFNGJDeEZQVlhoWDJ5WWpxLWxuc3ZVYXBLR0QxSzdZMVFjSklpUTB2Q2YwdE12VFl0bUw2RGRjZ3VoUmFlMkp4UUstYy1R?oc=5,2026-10-08
Reuters,2026-10-06T01:05:00Z,Philippine annual inflation at 7.2% in September,https://news.google.com/rss/articles/CBMimwFBVV95cUxQM0F6OEVoYTNBemw2MEFUQkFpWm01OFVkLTJfeWhvZkx2NjZCbDc5bXhURHMyZ2xxYUNMcVB5RERSZC0xS0RsVnZtbHY3UXJtTHozR2F4bXhLeWl4enREa0E0dTZ3ZXZEcW9oSHNRdE5TeE5SRTFfNU5qTU5ablVucUFIbHA1eTJPdklpQXFObzF5SDdMWFAxNFBBbw?oc=5,2026-10-08
Reuters,2026-10-06T02:24:41Z,Gold steady as stronger dollar and high yields offset waning Fed hike expectations,https://news.google.com/rss/articles/CBMimwFBVV95cUxQV0dGUTlhay1BaS1nWk41NWd0UFdwbV9QSzNuNGZnTjVYRlpYNXo5NFF6TkZDWV9QNGpDMEhzd3QwUG41clBBTVVGalVyQy1nZkw5SHNRbGktSTJrbjJoMmZNR3NWNTY2WVpIeXA4YUVBOUlkb2dyMExSTXlpaDBvLU93bXpIZWtpbzNTMFAxMmJ5ODhMMmJIWUhVbw?oc=5,2026-10-08
Reuters,2026-10-02T17:56:09Z,Fed may skip October but pull rate hike trigger in December,https://news.google.com/rss/articles/CBMingFBVV95cUxNOVRfM1dqWHpoenJab09IVXh3am1peVNMWFFPOFhOSjl1SkI5MklDUDl6VFpkSkZxUE8tU0Q4S3R3VXNxd0t5Mlc3NGxXNTBid1N4U0czdVA2b09hVmRyT0VtaEU3M243T09TQjVTSzVMYURvSkg5WjBSc2tjVnpzM29ZMHdTMC1hUGlRUzBJRXBQdWk3bG9heTJOQjQ3QQ?oc=5,2026-10-08
Reuters,2026-10-02T09:57:23Z,"Euro zone inflation surges more than expected, keeping pressure on ECB to hike rates",https://news.google.com/rss/articles/CBMingFBVV95cUxNTjBZN3Zra1B6VVdIMFBGalpKbDVTYW9ZZjR2UFJDRC10V25XZHBRQndua3Brc1BVbWxPT2pZTWcwZzBYSFNIREFlX2FvLVNVOENURWZJckwyRmwyakp3X0tQd0Z5MVJVOVlrYmdxZlJ1azdLTjRvNW9WdzlJcjhYRE1YcVlYTk44V1hMSV9KZk1YdVpQdmRMTUN5bjI1QQ?oc=5,2026-10-08
Reuters,2026-10-02T13:33:10Z,VIEW Soft September jobs report sends markets higher,https://news.google.com/rss/articles/CBMingFBVV95cUxQTkVCanhuNm9LTk9xbXE4RmNabmw1S0s0RXJEdVZzdTdqa1M1TXBxU1pBTm13LVRaZXNSeFY4UVNOa1ZaTEY5NFo0ejBmZnBxanVVM29nWll0S21yNWZzaXlJY0FJSXFMMFVvYy1QOXBxTlZiMXhRbTUwUktoVmg2ekxuNTBTVzRWWG1VVFB5S2k5Y0pnOTBpMjJ0SW45dw?oc=5,2026-10-08
Reuters,2026-10-01T11:17:00Z,Why are world bond markets selling off again?,https://news.google.com/rss/articles/CBMingFBVV95cUxQbHlJS0dDUGUxQWFaeWpJX21IdEZqSmw1UFRBcmcxajlsZW1yNlVVRm1ZQUVHQ0huUGdIdnBRTU1id0k3dVl1SlJ0UkxmNFUwNy1nWTNDcWtZdVpqOHp3czVja1hNWnZfQ2RxZnNUNDJYdXlSdVluME5vTjlhNVlYOEhUVVZRNVd1RzU3NWJyb0Q5R1hxZ2NOVGdZSFBnQQ?oc=5,2026-10-08
Reuters,2026-10-06T02:15:00Z,"Gold climbs as dollar, Treasury yields slip",https://news.google.com/rss/articles/CBMioAFBVV95cUxNS3Z3SEV1TFdScWdiaHBPbEVUTjFEYWV0WjJSQjRPRkl2LTZsNHJoNzU1RGEyM0V2bE5LYk9KUDUtZ0tNMGFKYWw3NWFoUEdkQU5MaklVVy1lUmNMRlJQOUk3VjFjNmJZWGk1bzZtRkpLVWxmTUMzZ0NadVJsZUs3TWNlY0JrdGNubHpXOWNTRXEyVXM0YkUxWGd2UDQ2dkJi?oc=5,2026-10-08
Reuters,2026-10-08T00:43:00Z,Dollar edges back from 18-month high after FOMC minutes,https://news.google.com/rss/articles/CBMioAFBVV95cUxNZEthRFNTdnR3aGRScTNFSW1KYVdtdVRBRU9EQjBqSVpTWDhaaDdiMGRSZGtKT3ZHU1VuOFRmSDgxOVFkeGRqazdPbWd4SXJ5RFZLenpVWEhCQ3FoU2JvaEtEbDE0VVQySXNqckF3ckE5cHpZVDNaYlptMXdyX1UwTVdvVU1PLTZJUFM2SXZXdzE2TWl5elctQmtMU1NtZFBC?oc=5,2026-10-08
Reuters,2026-10-07T14:43:15Z,UK 30-year gilt yields hit 28-year high in global selloff,https://news.google.com/rss/articles/CBMioAFBVV95cUxPS0V1LXhaUnJnaVZTWFpBV3pVMkNxOGFXejcxWE8tSXBqM1F6T3NyVElJZ01yZWFpdlNPaEp2M2lfYkVkVEpBelY0ODdYYlBQNnRyd1FPQm5UN1VDcGUteV82bVRoQ1YxMUdaRzNNdXJabVl4WThIUWxsVjdNX0dqLUVJTXRCZmlLT094WTlOdHVkUWdfQ0FHUzBsUldpaWFU?oc=5,2026-10-08
Reuters,2026-10-05T00:35:00Z,"India seen kicking off rate hike cycle as inflation broadens, peers turn hawkish",https://news.google.com/rss/articles/CBMioAFBVV95cUxQN2ZLWG5udy12czJna0lwTVJkMDRYRktHekNjMmFyTlN3OXI2SVBFNXMyc2VTTUJ5SDU3QzUzOWVVamVYTjBmc3E4UUtCMHhMM18wTVJFak8xMG1fMUJfaDlBbVAycXMtd0xjbFB5YTltMUNKQ1BjY0pnR0lab2ZteHFTaVlqOHpBSmstZVpxWjdlS1F3UG1RTHI3ZEtvNmZG?oc=5,2026-10-08
Reuters,2026-10-06T08:06:09Z,ECB's Rehn: High yields to dampen energy price pass-through,https://news.google.com/rss/articles/CBMioAFBVV95cUxQSkJ3SEJIdnVVc0NZYUFKamJ0NHlvVVlTeldJZnY0Rm9LeFl1STJNdkM0MGpxWUg0cVJIM09NYWhJQktDNmRBRk4tclhKeGI1WFpvYTUwcHU3QlhOZVdYcnoyTldtQl85b0pEd3p4LVhuNzA2QmlHamxvVG5waWhMdmd0RFhmWHNvNDhITWktS01xUnRZZkVEY2R0VlB3OE1U?oc=5,2026-10-08
Reuters,2026-10-07T11:14:31Z,"Fed minutes could detail rate-hike decision, policy path",https://news.google.com/rss/articles/CBMiogFBVV95cUxPaFdleVVLSGdCQUlSODJ0bVFmdlh3cl9WZFFrUG5oUHhxdGNTMUlKUW1QaDBfVXAwd2FLaE0yYk9nb1lNcGY2Z0twTXNweEtEV203X09TTUR3ai1fellVelpWUHlEWWRUYW9oVTByX0ttLXl5b1I0ZjRyQm9ZVFBldFVLR0Z3UVRScGI2b2NuVC1pblU3dzJtd1JnNHY0M1Y0SlE?oc=5,2026-10-08
Reuters,2026-10-06T10:15:56Z,Slowdown in money-fund cash flow hits short-term Treasuries,https://news.google.com/rss/articles/CBMiowFBVV95cUxOZjlyRGZUZEFVd1dINVM3bnJ0WGgxNzRRZHJMYlVERkQ3SGpCb3RhbEkwWXZOR1JySjQyeW96bFJaQ2ZPNHFsVHcxQ3Izc2Z3NThvZE52Q0E4eXZ6alNqTlRucDdnTlk4eDAxbE01TzBsc3FGZV9SaE5jM2VtcEt5Vll5UERJSW5OMlNJUFA2RDBXQnNrMnkzZjAzZUtZbHZWaFNR?oc=5,2026-10-08
Reuters,2026-10-07T14:56:35Z,"Kenya central bank holds key rate, sees inflation within target despite recent rise",https://news.google.com/rss/articles/CBMiowFBVV95cUxQSnMtTjdfYUFybUUwb1FGTEFwVG0tdDlSRlIxMlVKNXNuaE5yNUpQdkFaS1QzNmxmN1pFcnIzWmUyOXJRbkFySktQS2NaQ2hUSFpTalB0T1U0Rm5BVVBGZllhS2E0dlhDRTBCUmNzeVhpeWNxWDhrMGYtWXpOMFZDWW9adVIxXzl4THhlOFNPVldGV3FKSnh5QW9sRk1IZ1d0ZS1B?oc=5,2026-10-08
Reuters,2026-10-06T16:59:53Z,Fed's Daly: need for more hikes hinges on what happens with shocks,https://news.google.com/rss/articles/CBMipAFBVV95cUxOS1NIR0txbU9OM3c1aUhGM2doeVltazU2U2YyOHV2YVR4R2lkRG5FUXp2N0VnaVdLVlRCV1BUMXBJWUpBUmVTZTlMQXV2VU1KOXhocElZNGEzYWFnS2xGQ2hCTlRPbzJjN0J5Ty1neVBpdU1UV0JxRlFRTDNjOEk1QjhXQ1otdkhOTG8zLW5QLTRxQVc5dE5KeVNURTlXYWU4Unh4eg?oc=5,2026-10-08
Reuters,2026-10-07T23:14:17Z,"Wall Street ends lower, off record highs, as Treasury yields climb",https://news.google.com/rss/articles/CBMipAFBVV95cUxOYlBxMHUzb2ZDaHpMY3JBZUl2Rk9XSE94bjQ2aFVndHhYeU4zS1Rwb2I1SlFJWjVpaE9sS0V4c2ZiQ2JsMzd0R0lydzlFejhJVkNYbU5ZTGVjeW9tWUJtTmUzX2VwY0N1SnpLVmdvQWRvM20xS25hRmhXRDdHVUppRk9hS2JhVExxdVUtX0hfQlNqWnd0OUhHWEpaa2w1Z3hXNVRkaw?oc=5,2026-10-08
Reuters,2026-10-01T16:56:02Z,"Global bond rout deepens, pushes US Treasury yields to 24-year peak",https://news.google.com/rss/articles/CBMipAFBVV95cUxQUVhtMHBxQWdQNG5xWlpJeHkzeVpHQXgtSDVVN3hVdTFONDZnanFkcDctT2dzZU1QVFRpT2lWdEZvQ2xJdzZ6dDJQdjNpT2FuekdycUxURXRtby02MUhXRlhJMWo0emY3YTBsRUFLZEx0Rjl1b0R0WGItU2ZrclFBUERFamRxdzdGRE1sRXlTb09VRktCWTExaU1MblhDZ19yZURhZQ?oc=5,2026-10-08
Reuters,2026-10-07T02:20:00Z,Indian shares decline as RBI rate hike signals tighter policy,https://news.google.com/rss/articles/CBMipgFBVV95cUxNeWI2VTJBM0hPOXBYT3lXTFZfb1lfU2xBS3l1Y2NLRkIzY2h2V2FTci1wVTNWdEZOckdjN0w1Qm1UZ0ttTlUyWHpkNUxoNGhXdVBRQ2hidGNyemZmZVRzeWhTNUROTU9hc0FSWUszMWhJZ3h3WFhCYmFScUlMNmM1b0NFajlEUGUtWDM1ckRWV0JZRmlOa0pMUnc4ck1VeXZKel9lWF93?oc=5,2026-10-08
Reuters,2026-10-07T02:18:00Z,"Gold slides to two-month low as robust dollar, yields add pressure",https://news.google.com/rss/articles/CBMipgFBVV95cUxOMU10STF5SHNISk9FdXk3NTA2YjZhbnhWRTJlYlpBRGVhanFxWVQxVzhVek11UEp1OUJOU1Y1WjNQTDlBWmg3aEhvVWkzMUpXd3dBbm5Qa3pEcFdEeERZUDNwUHdFYVp0YmZPQVd3dDIwalp0LU1YWi1WTFZNVm5FTWxrSkR0dTJnNk9aM1BBc29MWXk5S3lOLXIxVW1Fd0xvbmhxNEpn?oc=5,2026-10-08
Reuters,2026-10-05T15:33:31Z,What will Washington do next if US bond yields keep rising?,https://news.google.com/rss/articles/CBMipgFBVV95cUxOQnNOaEpMX1dfS3ZXNUV1SFZZcDY5MWI0UW9udWNkN3dJc0wtZU4wc1JFX1laSjlTY1N1MTdkdjRtMVlIMXFRMkhuUmwtcFcwYlQ2UUEyZnBJSEY3VGo5azVGUXJYU1BuZU9aSmRlZEVsQzNGN3FJeTctRUdlR0ItcFJKbkVYODktX2dWRzE4MjY3aFp3RV9KR3BsYlM5RGpTLS03YW9R?oc=5,2026-10-08
Reuters,2026-10-07T21:16:32Z,"Trading Day: Stocks, bonds in delicate dance",https://news.google.com/rss/articles/CBMipgFBVV95cUxPQ1RVVkx6RVZGUkJnQTFwZHFGRnBhM09uQTlnRmdmamJqV3pTd0JYanVsemJUSzhZTlh4RldxY1VEOVdIMUJzV2c4SXR5Y1RIUDBKUzBUNUFreWd1TGFhLU9oY2o1OUxXRk01bUVMREotVjVMa3FnaEwzcFJjSFE5OFRlYlJlVEY3UFVvbmp5QlZYRFNjVDVfUTQ4cFVGVlFQME5BSXNn?oc=5,2026-10-08
Reuters,2026-10-07T21:34:27Z,Fed minutes show some officials want to prepare for market stress,https://news.google.com/rss/articles/CBMipgFBVV95cUxQOWFKZEFfR182VlUzeWdFaHJOYlVxQ3FxYVVnS3Z4VXdnUlRZaGtIZkxocjFlejVyY2lKbHA5UEw0bUFUbEhRaExnTUMzZWlPWmFMQkdlVU94ejB3bjBGdGFfYXlwX0c5M3RMRDJ2NGNmU0pNSWo5X200MTZGdzJuREtOekJpRGEtZHV1ODZUTEZ5empUOFU2ajFxdF9TaDNQMndvTnFn?oc=5,2026-10-08
Reuters,2026-10-02T22:44:50Z,Equities close higher as softer jobs data quiets rate-hike expectations,https://news.google.com/rss/articles/CBMiqgFBVV95cUxPeTVxVTNLX2pUZEc1U0xtNWdyYWRjY0NjSVcweXJNYk9PTDVKVnJaTzFNTUdnNW5LVEFxaHlELU9fVW9neE93Q0VDanlUbkJPcUhMaXNmNUJQX3pXd0JvcU1VSHh5Z1NEZnQzWGFsclpXZ08zRTVmY2ZaV1J4a2JBU3lPTEVNTUNBSVdVcWRydUlJOEY5ZU13NERhMFE3YUstSzB2RE5JV1gtZw?oc=5,2026-10-08
Reuters,2026-10-06T10:19:58Z,"High inflation has become embedded in Britain, Bank of England's Mann says",https://news.google.com/rss/articles/CBMiqgFBVV95cUxQVkVHcERWcXVaT3FTNktpcnJoVmoyamo1UThqNzd1V0M0cWlyZ1I4SkRiYU91VjJMcldFV2M0YUdyT25uellhYXpxcGJNcFQwRlFWQkpUWHVLdi11Z05HYmJNYW9LVEFVQVJwdmI2ZVh0eEhVWnhKekVwU2hUaVF1UEY1cmd4VUxWY01oYTVkdHhVOVVaVU1RenpVNExwNEliQmRQNWdITWNOUQ?oc=5,2026-10-08
Reuters,2026-10-07T22:48:00Z,"Samsung flags $80 billion profit on AI boom, highest quarterly for any tech company",https://news.google.com/rss/articles/CBMiqwFBVV95cUxOM00tZmVPZWtsRV9qcGV1VEtMajUtWXVxZlZVdU9HblZLWHBTZjNtQ0NuZHBJRjFOX2ktN0VkUmFERDBwNnhySHNPNTZ6bmZnZ08tTTN6WlhsMi1vR1Fnb2NBa2ZCZXNlcjRPOE1SVERxYnhJeGZmN0s1V0ZWWW4wSU45Z3gxRTBXZGVwRVpDX2F5Vm1aMzhDODI5cDFXU2RhX0pBOHpfeFNqNjg?oc=5,2026-10-08
Reuters,2026-10-07T15:13:39Z,Hawkish Fed triggers emerging market outflows in September,https://news.google.com/rss/articles/CBMirAFBVV95cUxOZ0J5MWhUZURxcWw2ZzNtU3VWZlgyeF9lVjc1MHFlbDBmcm5LQmlnMm4wOTNaOHhabmJZSkxMdDRQT3F5X1B4NWk0YTNERFlRMFFIM2dybVpNdFJfQ0t3WGNpbzctaGtsM1NQTWNXcUxrdU5ndmI3aWNjNkMwNVlCMjBlMXVUXzl3YkJHRGZMRDhmVnlQY1RiajNOSnZwSGhicmxJOHU3RURkNV91?oc=5,2026-10-08
Reuters,2026-10-07T01:14:00Z,"Euro drops toward 17-month lows, dollar holds gains after Fed minutes",https://news.google.com/rss/articles/CBMirgFBVV95cUxQVnY5bzdPR0xZNUZ6VEJzWUhMVmJQZEI0bzY0cHpWV21LdHRFeDlIWkxnMURDYVFDVU9nZEVPYU9TNWNNV3NvWUE5MlJPaUVXT2VqaGJQQVFwNmtHWE5nNUF2SU5Ob3dmYVlSOENZVmRBc3lVUjFMM1NYYlBfLUJ6ZzJaU0FQQlQwMkh0cXlrZEItc0ZKeC1YLXdOd2wzRWxHeUlSUDg4STVVQTVGdmc?oc=5,2026-10-08
Reuters,2026-10-07T12:46:45Z,"European bank shares fall as bond yields surge, spreads widen",https://news.google.com/rss/articles/CBMirwFBVV95cUxOM0JQdVIxSFZGd2phN3ZpM3FaU09NUE14VTdDbFBXMS1jYldWbHZMaGZtanFHT19JSjl3d1AtNXdDNGE1NW45MWVwM25ySm1TcUF5UEtGOHFSRVNCR2JhTlBGNGo3UDNJeWVjanlWaFMyWDEtdnN0WWZuQ0RwUjZRZnpfWF9Dd2pCSExXWVFRV2tETVBrTGVvcVlsR2FXRmpTRXlURmp1V2ItdlZDdDBV?oc=5,2026-10-08
Reuters,2026-10-06T01:14:00Z,Euro bounces as decline in French bond yields cools debt jitters,https://news.google.com/rss/articles/CBMirwFBVV95cUxOcnpLWGdYR3FxRDFJMFVCN1NDalZucm9sOHhNeWVSSzFTNEJhUi0tQWg3NjY1VS1XbGVsMlpGNFVOQkZ0OUNEWjNCclhwLUhrQUNhaElCQWhPeDZ5Q0cwQzUzSW5EWnAwSkF3R25FVGYwR2RRZnNfYzhfNlUtbnRKN3lMNDBKREhONjFpcjlSbHFuNkJMaG9JNWlOdDVKMEVNbUlLc3o5WmNjaXJRWHhB?oc=5,2026-10-08
Reuters,2026-10-08T02:23:00Z,"Indian shares open lower as hawkish RBI rate hike, rising oil dent sentiment",https://news.google.com/rss/articles/CBMirwFBVV95cUxPRGc3d3VfemdCVm9OMG8tZFo3MFpXMmtQR3paUW9yMWFia0txelBIS0w2M3RSeDdRdzV2WkR0WmU2ZFdNVkUyUWJMbWQ1YVA0M3d0Y3hRQkMxa3FlMDMtSXZ1OHF6UWNaTzRmTklWVnpSNHp2bzdRT0F3SlNvVzVFQ0trU21MeHlOMmU4R3U1c0NNTmw0dGtoT1lORzRBOGdTaUMyRjFtWFc4bXdsemFV?oc=5,2026-10-08
Reuters,2026-10-06T07:24:38Z,ECB's Lane: Not seeing strong second-round inflation impacts,https://news.google.com/rss/articles/CBMisAFBVV95cUxOVTZTZjhadnloenZjMTdsajFBX0pVSUgyODFaZGJHODczVmNWSm9lRW45UEN0S2taRlhxendxelN5RHJwYVZuVHpKMVlvWXRHZF9yeTBTUS02d05kaFZDakR6YVI1ZWduOGpra3QzX2xJcmpkV1ZMM29zTUdTMFJ3b2p1Q3BuZ1QwSDZoYW1WS19VMzBKUldjX2c2eHJRX2NEajhzcmIxLWViS2JvYUVURA?oc=5,2026-10-08
Reuters,2026-10-06T23:18:26Z,BOJ's dovish dissenter signals support for future rate hikes,https://news.google.com/rss/articles/CBMisgFBVV95cUxPR2UwTVJzRWJmT0w3NFVxUm9kUV9wOThHRUNBQm9tRUlnZWNIeXVHNlB1MjQ5ZWROekRaQjd6aFZQamVrOTYwWnpvOUlETjNiMWNkZVc3VmRSUW83bjhJMnhnWEIxeVBzRXE4bEdPMGc1amZENWRRY2NwX29pRHpGNFdHTDFSY1hvaE9tSUlXRVhZOHB1YlhFU3FTU0Z3UFZubDJscno0TWpRamRKVGR1RHZ3?oc=5,2026-10-08
Reuters,2026-10-06T15:38:09Z,South Africa central bank says second-round inflation risks rise,https://news.google.com/rss/articles/CBMiswFBVV95cUxPRjBsNHVyd0M1QUFzS05nLXJqV0tJMThtaW1EWHZCUDdVZXJFNjJSR2lVZXpkNERzbkFnYjlaSHE3OWgtZ2c5ZXZzZ2NCdDB6VXJyQmgtQVFKTG9MMnRyZVQ3OHZ4NmZnRHN5WVZNU3c1OFJUdURwRlpFWnFtVFBNVUZjVGFfSC1LWHRUV19BQUk3RDNQeTFyZDg1aGhQeU5STkRBd0Z3QnQxdENka19pWXlYOA?oc=5,2026-10-08
Reuters,2026-10-06T14:11:00Z,US software stocks scale fresh 2026 highs as AI disruption worries fade,https://news.google.com/rss/articles/CBMiswFBVV95cUxPdnhFSTVnZUJoZGRnMDJIQmZyM3RKR2c5X2FReUNWbmVwQ29uMnN6R1RUS1p2aG1hTlJYWFdRWElvNEpxYjJpMmFFWmtCVWJVZWpUVWNBcTJXQzllczlZWG5xWTkzbTJadkg1NUY0T2Nob3R1aDlRbDlhUUx5M3p4MTk0MXlWTmlWc1hIMHhMMzJGb1V1ZTlIaXNZTVlWbk5Ed29VWWtJMTlWRElZVk03QWxkaw?oc=5,2026-10-08
Reuters,2026-10-07T21:33:30Z,"Fed policymakers divided over rate-hike logic in September, minutes show",https://news.google.com/rss/articles/CBMiswFBVV95cUxQOVl1b0t4RWF0WnFRODUzeHAydHMzOFl1U0lKbEhOa3ZSbG1GdDdubllBRG9raTZ0VllPeWJsUEFmOUlLaGZKYkd1QXo0dEFyUzZCUjdKM0NQeHdCeUZWU1hBcTBNaGJIaVJwVkluZ3Y0elloSXRyRHJkek1VdUxJdkV0NV8xSXJxUFdOVjBJVmFRcm5Na3M2ZGlodGdtcEk2NFlnWnZXVUNQSlJBUUFUSmJiOA?oc=5,2026-10-08
Reuters,2026-10-06T23:02:00Z,"Samsung's Q3 profit seen jumping nine-fold, but chip margins may be flat",https://news.google.com/rss/articles/CBMitAFBVV95cUxNU1Nta3U4VlZxT3hJYXNyVmpEb1Q4R2ZJeDc4ekU4VG1yeWwyVUYxXzVrM2JZeHVab3lacWxxVHFUM1g4bHRKV1dVREpBeFE1eDlONnBDZ1poc3dib2ZXd1k5aFlqSWFrUFY0dUV4aTlMOEFoMFhaVlhyeW5KVEg3NVdQOU84b1dIQ3huWjUwVER2MmptWFl5YUkyZXJEMzRTM0xrQUo3MDc1RGJKeVBDeEczWEU?oc=5,2026-10-08
Reuters,2026-10-06T16:15:50Z,"US Treasury yields are ""screaming good value"" says PIMCO senior advisor",https://news.google.com/rss/articles/CBMitAFBVV95cUxQWmVRdHA4bVRsVmVyUThxTVdUb3AzNklqYnNDS2JvVVVEa2hnbk1qaHVWcHBnN1Bya2piTTM3eEkxRWxrZVE4WDRidzAyZGFocEFVYjN6RENUWm9rbFBKQ1hQRlM5Qi12eTFKV2dxNF80MHF1Xy12NkR6SG9kcllSR2JlalFQZXdPYUtOeXhfMHlwdGdZbEZXTk96ZzhPS3MtUjFfRkNXNzFiWkJzTFNLTVJVQk8?oc=5,2026-10-08
Reuters,2026-10-07T15:01:46Z,NY Fed September survey finds public expecting more near-term inflation,https://news.google.com/rss/articles/CBMitwFBVV95cUxNT3dFeTJ5dk9yY1FFem14WTdYcjFxdmtEZVpiYkJwVTNCZG8zY0Z5ejhBdGViYVN2akYxVERhNlh5UnpMMG9nZGZ4RTZqRHA1VEhWSTB1Q3hpbGRMSjROVzJFY09FUnNhZzM0OE5sa0JsQ1huMlJjZURYZTNzS0tpM2JpZWJnRjZqbms1eVp2MDNoQzZFalJib2dVMmg2RWVmTE1nazgtUjJUcWl3R1NOOEJIWW1QaUU?oc=5,2026-10-08
Reuters,2026-10-05T08:08:09Z,"Panmure Liberum forecasts S&P 500 falling to 5,000, warns bull run nearing end",https://news.google.com/rss/articles/CBMiuAFBVV95cUxNMHNwMURMMFJ3ek5yWWJWRkUwY3h0N0ZPbC1sTDFfYU5mNVFKWjBiajdNc2lBcmFfTGdYaGNSUkl6aWtJSXo4UGtPemFCaFFmRjZJNGtnaUxEVFFWTUc2OE1kQjBrSXZQcG93S0xfdjhYdHY0b3hSd2dmNVVfRUF4VXNta3NlVFdJX24xT09LSFlYWHE2Y1BJdFYxdktCaEVPZmdMZjNhZTUxekRZWmVvWERwWmZYNE5L?oc=5,2026-10-08
Reuters,2026-10-06T04:28:00Z,"BOJ may signal underlying inflation has hit 2% goal, sources say",https://news.google.com/rss/articles/CBMiuAFBVV95cUxOM2EwSzZ0dnlrOEY4dFNVczAzNlBqamI4eUwzWFByN0VVZU9qOFExTGJfLXNCRS1HN0hza0JwdXJuNUNpeExJMk9IMkI5R2gzbktldlBVejF6VWp6aG5DaVdldGdGRVVUTU4zeXBETHZJQVpobGh5RlZxTS0wQWI4WXRvcGNhQmVmdXNpd3RNT2o1aENxMmhEU2FFa25oVHJpSXRoQmR1MXd1WC02ZVQ4S1NlQnA2LWdh?oc=5,2026-10-08
Reuters,2026-10-06T14:37:43Z,New York Fed says supply chain pressures rose last month relative to August,https://news.google.com/rss/articles/CBMiuAFBVV95cUxQT3F6UFhwRldtdmJEZnF0eGdhc05Kc2hsMnhyRFRmZnY0eHdnQVdFUFFMblBjeHFDenR3UUx5RFRsb0xCQXM1LWhnTHQta3g3dzFUZXN4dDA1UDZBZVZ2QmZvcHJwVEJVVWpmN2U4NkVSV2dMcHJ2NWIwYW9rMjVMX0VfQnN1b1dCRE1yZjNKZU9sa0ZIX0k1V1p3cVlyWmFqOTM0LVRFdHNVY25Yb1M1cFR3TXFNNVpT?oc=5,2026-10-08
Reuters,2026-10-06T18:15:37Z,"Fed plans to overhaul bank supervision responsibilities, Bowman says",https://news.google.com/rss/articles/CBMiuAFBVV95cUxQeXUxU2F5X1UwSTZreDdOc3FaTDdsWVBreUNYY3U1WVlpZXVUNGM1UE8tLU50eUU1UTlzVHRPVlhOTlBmemF5ZTJGY3lNa2Njc1NwaFNkWG04OVdTbkUxVGd4d1E1WkFkVkpXdmFoVkEyUHFkX24tSUlMTkZaS3FUYy1pQzJfQ1Nldy10bDhwdEhoOHg5eHFpVDFMWDJ6bkcyT1F3R0tDaWhFSU4tb0RHeUVYNFVSUHJT?oc=5,2026-10-08
Reuters,2026-10-05T08:03:21Z,ECB's Nagel: high inflation not yet setting off second-round effects,https://news.google.com/rss/articles/CBMiugFBVV95cUxPN1RoaVJ0YkJBdGY3WkRPbURSVEVOLXhxbEE3S2xXRl9iN3BLRUFSSDNQS2V2US1vX204eUhvNmVVX19OSXdWNG8yVV9ubjVObGlNc05vSWpTOU9ESU9ZcTBJbHFLRG5ZRS13aU5FeEhvMEhKMF9ETm9QZkJ6OW5iam50STVnRjFSUmZJM1g3dS12eU1DUzA2MlRjREkzN3FuRnViNUMyUDFCTjlQVTZ6dkI3Vm55dTNBWVE?oc=5,2026-10-08
Reuters,2026-10-05T13:48:19Z,"COMMENTARY: Wall Street bulls try on ‘S&P 10,000’ caps for size",https://news.google.com/rss/articles/CBMiugFBVV95cUxPS1FHSXYxWmJhdENRekg3LWNWT3pUSDZzcEwzTnNYYUxudVFMV2R2QW5QekNfLVMtdGpjaXlDY1B1UGR5QVBkdlptaDhEeWVFRGU3VW5BWU9tRjdwWEVKOXdUUmswdU9OYl82bTJ3TWxqNFpLNUR4RTRaUlpjUEU0X1BDWTJiTnkzREpEdTZ3djFDQTI3Yk5EcXFQdXhHQzBDQnpONDZUa0RtRFl2cnoxVnZVa2xkcXpFZHc?oc=5,2026-10-08
Reuters,2026-10-06T07:00:00Z,Major brokerages' forecasts for S&P 500 index in 2026,https://news.google.com/rss/articles/CBMiuwFBVV95cUxQYW9VSU01Y09sOWdUV0NQbGNENm9GSFdqSDdqUGJ4U3p0UVZwa2R1N19SQlJmWXE3bE44dGZrcHRmOEhPa0diOF9JZ1lJVk9YRkY4NERsQ05ncUVjdDBrTGIzSWFKQm9yWlcwb0NtcVpvQTZDdDVvRDB6UUw4bEtxQ2lEWEVlR0QyMXZxNUVYMHV3b2tfa3JtNlhkQVNPVW5LMEUwOFBQSDYtLVZILWQtRXd0bUk4WFdMc2FF?oc=5,2026-10-08
Reuters,2026-10-06T16:09:23Z,"London stocks gain on softer oil, easing gilt yields; Defence shares fall",https://news.google.com/rss/articles/CBMivwFBVV95cUxNSzh2RWtVenBUZmhPWExwdWdmTjlkMmhiSS12TGRobzUxNWlVdFRHWDAxaFhackxjZEI0WHJjOGF0TURrVFJsWWhjQXk1M29CV195NG54MlhZd1RXVC1XYlZ5VDZ3YTNSMEZpdVlNYi1LeUVmOGUwQUdSZndkTjZwcVZiMFZWSWdpOHpGTDI5MmZ0c3diaXFxbmdBUUt4MWNYQUR3cVZ4aVY1N1VSME1faG9xYU9Mc3djcFlPMDREYw?oc=5,2026-10-08
Reuters,2026-10-07T23:30:19Z,COMMENTARY: Can Wall Street keep partying while bond markets burn?,https://news.google.com/rss/articles/CBMivwFBVV95cUxNdlMzWnhNNWU0R2ZMMWltMUtoZ01JUFFDblBpTVRqRG1FLWhiWUt6ZW04UVdSUmh4RlkydzdYNmF4NlF5NVUtQzFNN19SWElCWWsyRkw3cEMwTG5aVjItQU5rZExTYWdxNDNuVHlFYWtaUDBOSm1JZmlIN3UyTGVaczVuX1lYeDRjT191YVU3Yk1WVmdEdjc2OEd6RjJWTGZYSHdNN2FadmV5dXUzT29BaHBXWmEwTjJWajRuMS1BMA?oc=5,2026-10-08
Reuters,2026-10-05T11:51:20Z,"Russia's oil earnings fall despite price jump as output drops, rouble rises",https://news.google.com/rss/articles/CBMivwFBVV95cUxQWXVBVEdSV0VCSHNQZ0lMMkpoWV9ZQzVKZ1h4TXNUUWJDWldiWXU0cWt5NWNGYTZJZnM1SERHTTdyU1RFekV5Y3NNQmo4czFaUWZWRk8xVlNZUnBpWGFNYlh5VVB1M1pCMER3czZzUVZCS1J1WG5meldjTy1FTTdVLXdtN1FsZDFtcy1FSDFwd0RhbEV1X01wVlZial9xaUlkRFR2VVR0dmotcElabjExUko5bW5VbjgxUGZlYkZKUQ?oc=5,2026-10-08
Reuters,2026-10-04T07:00:00Z,"Wall St Week Ahead Spiking bond yields, midterms, earnings to test US stocks' typical fourth-quarter strength",https://news.google.com/rss/articles/CBMiwgFBVV95cUxNLWE0blFwNjQtYzV3UTJuODNjRmZQbTJydkY1SkVmZjd3bkFjVW5ET0JKS1U3aTEyb3N0MUN0RWNRUEdXX2YzSnpBMG9mbk9Ock8tNjZUMzdLRWRoN2lGMTlYY3BDVVdTeW5SdFlyNzVDbXBVSmJwWWdWTVcwSVFwaXgySHlleW56TS1ZN1k0S2ZlekxDemVmaWpnU3dWWHFQQlZfLXRvUEM2UGZVdjdJWThvRTd1djlsbWJuUkVFNUlpUQ?oc=5,2026-10-08
Reuters,2026-10-07T23:13:00Z,Oil price volatility tops list of earnings risks for Japan firms: Reuters poll,https://news.google.com/rss/articles/CBMiwgFBVV95cUxNMk9KZFZoanU3aUpvZm9jNU5pVUhQdVdWR1VTbGNCaGIyTmJCMzJTSDJWcXZGVG1GM3RNUU44eVY5NUpoLWdKMUhHVWEtMW1qb2dJc1J3c1c1cVVIRmNDTWdNcHFFN1FVRGxRYUpLYU43MTZJNmI2YzlwN2szVVZDdGQ0cHNNUEhoTlhrSDVNLVhVZkp6SXNjUVZnU05qOFFJX2w1aWdjT3U3UmlJMUk4ZVYyNVloeGVyUVJaNjVvNnBjUQ?oc=5,2026-10-08
Reuters,2026-10-07T13:59:01Z,Lower US Treasury yield view persists despite biggest quarterly surge since 1994: Reuters poll,https://news.google.com/rss/articles/CBMiwwFBVV95cUxNaGNfYWZBTXVWQjV6WUFib3lJV2RJZlZYVVJNalI0TlpKVmFvVklyd1lrNVpLdWQ2d21ncGY4NGVjZzdGc0ZfQ1FpY1BaazFIYUVHaFREdENXVFI4U3pBVGxubXJoUzhoU2JqUlR4RTN6dklyWXF5aXEteWdWOTQ4bmJSRS1LcUVpZ19sZ3VoNGpVMDNVTzBmdXVVX29SVC1CcFZSVHBDUkhub1JPdVFKRGpnZ2ZTNXVHaDFYX0RQRXp1N1U?oc=5,2026-10-08
Reuters,2026-10-07T12:39:25Z,"India household inflation expectations rise on higher food, fuel costs, RBI survey shows",https://news.google.com/rss/articles/CBMiwwFBVV95cUxQOHZjYWpwdnZyekg0Zkc4eUtGYjkyQThPSm9OUWNhM1BvUHc2WC16Z1lyYnVzNEFISWR3Y1ozRm8zZGl4OXdwcnZQcWFTVDE2MTZkTnNXQ0ZzS3dfc1VIdXJQMWpKVjhDVXhCTmxhQ2hyWG9VUFZraGh2aG9ZdjhvbXJDbWR3bmNiZVUyc29jcFVPU0oxS04xVUU3SzkxNllLQW03X3ZwNHBObm9EOXNTTV8wNXpLTVFwb1pyY1RHQ2E5ZE0?oc=5,2026-10-08
Reuters,2026-10-07T08:26:00Z,"Wealthy investors view rates and yields as the biggest growth risk, says Deutsche Bank",https://news.google.com/rss/articles/CBMixgFBVV95cUxNS3lmTy1NcTRFd1JnRjIzYUhGQlFQMzNxcnBQLTlPWm84ajZkQW1TYUR1NHNaV1d4c2xkZXhLcWI4RzcxVEhvZ19jbXJ0VWhya1Z1bkUwWktGaEtHaEhQRTVCcHlfQW16VEJuQWEtYlZNdm0yZzFiRWZkZzJfbkJxWFFNODg5UW9DZzU0d0I0dkIwWWtlNU1IbS1vdjBPVDVoZkkxOXBEc1g2cVpjaEI3Y0FLUXc2dlNUa1NtTlVNTjVaSmFxSEE?oc=5,2026-10-08
Reuters,2026-10-05T08:03:35Z,"Euro zone business growth hits over 3-1/2-year high despite inflation worries, PMI shows",https://news.google.com/rss/articles/CBMiyAFBVV95cUxQMFZ6bGhqZlRxMUFpUXVSc2RzR2UwU1hHdjRxT2d2MUVxam45U040WFo3R0xQd2g3UHhJMFRKMXctY0FXeExJRkhZaWxDdTltWFdQYnJlbHdlaEVvcGh2VEUwTDd2M0hlV2hKVDNQdVgtTGIwMmlfSnNUd0xWZUg1cWROeHBMMUVOLXlJVGpnNnFPNUlJbURuMGJRbzB0QmZ3cnlTSXlBT25WYWEzSzB0b3h2NnNVTXJQMEIzM2plUExaMXloemNTcA?oc=5,2026-10-08
Reuters,2026-10-06T13:12:23Z,"Cost-of-living crises have lasting impact on inflation expectations, poverty, IMF says",https://news.google.com/rss/articles/CBMiywFBVV95cUxQNW9nbmdmVzFNOXVhRE81N3NZWGRIV0R5TDNpS2l4bmFTSzBPTHlTU1Job19jbXJHZm5zSFMyWXA4bGIwZWZTQnFuaFNFUVQ3MzI4NTdTbnJMNC1GeW9HMi03emwwTjdvV2hBd1dqcFJrazhicEVMNWE3dmc4TzBJcHRHVWFOVDF4RVU0OVRnM3RXbHBBdHI3NktqWlBCSWtONVlCVWI0cGxNdkZXZXkxc3pEbTg0eUhDOFlGTXhEazZ5Njg5QWp0UkQtNA?oc=5,2026-10-08
Reuters,2026-10-07T13:35:05Z,PODCAST: S&P 500's record run,https://news.google.com/rss/articles/CBMizAFBVV95cUxQZjk3dDUzYTgwa1NJak43V2dBSnZQXzBVSnJOWlhqMlpUMkVaOWROV2VLUk5hREc1ekp6bzZlV180LXBHNExKZ25RalpFVGk2YThJV29Yb204S2F5eFdXSVo3NkRoa01tUnRQUDlQc0NLVVpVWkNHSmpkUHUwQXl2TV9Ba0dkX3pZSkVtZHhsX19ieWMzSXgzLUpQTV9rUVExV3dZSG1JZ0tBTkxUUXlCaGxtSXZxNlU3MU9DcENyQmJLR3FhSTUtalFaZ0E?oc=5,2026-10-08
Bloomberg,2026-10-07T23:37:27Z,Gold Edges Higher as Traders Weigh Prospects for Fed Rate Hike,https://www.bloomberg.com/news/articles/2026-10-07/gold-near-nine-week-low-on-prospects-for-rate-hike-by-year-end,2026-10-08
Bloomberg,2026-10-07T22:03:17Z,Stocks and Treasuries Decline as Brent Tops $102: Markets Wrap,https://www.bloomberg.com/news/articles/2026-10-07/stock-market-today-dow-s-p-live-updates,2026-10-08
Bloomberg,2026-10-08T03:38:03Z,Japan 30-Year Bond Auction Sees Firm Demand on Elevated Yields,https://www.bloomberg.com/news/articles/2026-10-08/japan-30-year-bond-sale-sees-firmer-demand-than-12-month-average-muyzkqpv,2026-10-08
Bloomberg,2026-10-08T03:54:17Z,Korea Mulls Banning Unlicensed Foreign Banks’ Global Bond Deals,https://www.bloomberg.com/news/articles/2026-10-08/korea-mulls-banning-unlicensed-foreign-banks-global-bond-deals,2026-10-08
Bloomberg,2026-10-08T02:03:35Z,Singapore Bank Stocks Drop as High Bond Yields May Hit Earnings,https://www.bloomberg.com/news/articles/2026-10-08/singapore-banks-hot-rally-stutters-over-surging-bond-yields,2026-10-08
Bloomberg,2026-10-08T03:56:07Z,Samsung Posts Record Profit but Investors Question Sustainability of AI Spending,https://www.bloomberg.com/news/videos/2026-10-08/the-asia-trade-10-8-2026-video,2026-10-08
