asof,horizon,period,series,value
2026-10-07,month,2026-10,CPI Inflation,0.2693
2026-10-07,month,2026-10,Core CPI Inflation,0.2003
2026-10-07,month,2026-10,Core PCE Inflation,0.2485
2026-10-07,month,2026-10,PCE Inflation,0.2784
2026-10-07,quarter,2026:Q4,CPI Inflation,4.1382
2026-10-07,quarter,2026:Q4,Core CPI Inflation,2.5566
2026-10-07,quarter,2026:Q4,Core PCE Inflation,3.0544
2026-10-07,quarter,2026:Q4,PCE Inflation,3.8564
2026-10-07,year,2026-10,CPI Inflation,3.6330
2026-10-07,year,2026-10,Core CPI Inflation,2.2975
2026-10-07,year,2026-10,Core PCE Inflation,3.0965
2026-10-07,year,2026-10,PCE Inflation,3.6917
